year,month,size
2005,06,17742
2005,07,99281
2005,08,166220
2005,09,200230
2005,10,290168
2005,11,310615
2005,12,443130
2006,01,657593
2006,02,776247
2006,03,998728
2006,04,991782
2006,05,1159385
2006,06,1301070
2006,07,1854328
2006,08,3003003
2006,09,3864165
2006,10,3006136
2006,11,2951166
2006,12,2935578
2007,01,3549181
2007,02,3901596
2007,03,4824020
2007,04,5054216
2007,05,5449618
2007,06,5265463
2007,07,6131885
2007,08,7060489
2007,09,7732251
2007,10,8361224
2007,11,8601796
2007,12,8938510
2008,01,11408942
2008,02,11973598
2008,03,13663731
2008,04,13631636
2008,05,14428297
2008,06,15602841
2008,07,17829522
2008,08,17475228
2008,09,21191683
2008,10,23661214
2008,11,22545522
2008,12,23350557
2009,01,27378217
2009,02,27573618
2009,03,30572289
2009,04,30207105
2009,05,30255643
2009,06,33388284
2009,07,38805476
2009,08,40840539
2009,09,42159627
2009,10,44584880
2009,11,43387269
2009,12,47616851
2010,01,53564091
2010,02,49946623
2010,03,60148071
2010,04,61274377
2010,05,53948499
2010,06,51689085
2010,07,56291052
2010,08,60209778
2010,09,68662444
2010,10,73342912
2010,11,80300226
2010,12,87301279
2011,01,123638415
2011,02,119691628
2011,03,142124078
2011,04,139367916
2011,05,151966023
2011,06,162700665
2011,07,180490212
2011,08,209622064
2011,09,214126359
2011,10,237965612
2011,11,246897028
2011,12,264265411
2012,01,299292677
2012,02,302444843
2012,03,330435518
2012,04,350117117
2012,05,365477187
2012,06,382861465
2012,07,422101267
2012,08,446070905
2012,09,440335515
2012,10,467945225
2012,11,463025195
2012,12,465544475
2013,01,548053284
2013,02,500010070
2013,03,560773875
2013,04,590398173
2013,05,578626570
2013,06,577426173
2013,07,619406767
2013,08,615047931
2013,09,588873920
2013,10,650252980
2013,11,673525241
2013,12,721147797
2014,01,773274969
2014,02,744973191
2014,03,795929343
2014,04,777965345
2014,05,798955455
2014,06,787594127
2014,07,871554121
2014,08,895954829
2014,09,894901429
2014,10,949140558
2014,11,934425238
2014,12,992312321
2015,01,1225153564
2015,02,1137613565
2015,03,1428612065
2015,04,1631942933
2015,05,1686563661
2015,06,1863449836
2015,07,1800381154
2015,08,1870903530
2015,09,1740566154
2015,10,1799638874
2015,11,1725585890
2015,12,1751465547
2016,01,1935424809
2016,02,1922059122
2016,03,1962137344
2016,04,1946047154
2016,05,1993839025
2016,06,2021341225
2016,07,2083387782
2016,08,2175420291
2016,09,2108814072
2016,10,2279544349
2016,11,2445866736
2016,12,2530910733
2017,01,2306318142
2017,02,2168489971
2017,03,2409042860
2017,04,2335118029
2017,05,2069370628
2017,06,2100828194
2017,07,2216735601
2017,08,2316925909
2017,09,2188444871
2017,10,2297583082
2017,11,2313597673
2017,12,2441257829
2018,01,2605287865
2018,02,2452577588
2018,03,2811642898
2018,04,2978943770
2018,05,3137622254
2018,06,2893282685
2018,07,3230891353
2018,08,3308084452
2018,09,3289690329
2018,10,3562104771
2018,11,3610602522
2018,12,3935789251
2019,01,4686812440
2019,02,4540715396
2019,03,5615097892
2019,04,5587265157
2019,05,5774775680
2019,06,5763713327
2019,07,6252294060
2019,08,6507012021
2019,09,5756276356
2019,10,5841502049
2019,11,5937769829
2019,12,6497951267
2020,01,6962033339
2020,02,6889808633
2020,03,8142373580
2020,04,9156707148
2020,05,7058225761
2020,06,6895830995
2020,07,7304899368
2020,08,7593776915
2020,09,7373593843
2020,10,7680855094
2020,11,7571720367
2020,12,8133875307
2021,01,8698915333
2021,02,8365826778
2021,03,9182807134
2021,04,8967437476
2021,05,9737265467
2021,06,9458808322
2021,07,7781606133
2021,08,7805688849
2021,09,7305231147
2021,10,7502218999
2021,11,7621917339
2021,12,7990893566
2022,01,8831448371
2022,02,8353999552
2022,03,9536972481
2022,04,9595930360
2022,05,10361357986
2022,06,10046267542
